drone_A_init_position_x,drone_A_init_position_y,drone_A_init_position_z,drone_A_velocity_x,drone_A_velocity_y,drone_A_velocity_z,drone_B_init_position_x,drone_B_init_position_y,drone_B_init_position_z,drone_B_velocity_x,drone_B_velocity_y,drone_B_velocity_z
-2709246.236680999863892793655395507812500000000000000000000000000000000000000000000000000000000000,-4256370.540216220542788505554199218750000000000000000000000000000000000000000000000000000000000000,3888829.846566714812070131301879882812500000000000000000000000000000000000000000000000000000000000,5.021322839493915779485178063623607158660888671875000000000000,11.363008759244467071880535513628274202346801757812500000000000,15.822578523076142431591506465338170528411865234375000000000000,-2708786.517620196565985679626464843750000000000000000000000000000000000000000000000000000000000000,-4255848.671836916357278823852539062500000000000000000000000000000000000000000000000000000000000000,3889678.122368189040571451187133789062500000000000000000000000000000000000000000000000000000000000,0,0,0
10,10,0,-8,0,0,-2,-1,0,0,1,0

